{
  "ATLAS_AI": {
    "mean": -51.66544227378114,
    "std": 6.932648014700721
  },
  "fixed_time": {
    "mean": -566.4385649365752,
    "std": 4.459176870876088
  },
  "actuated": {
    "mean": -348.6326733620559,
    "std": 3.996122548332899
  },
  "max_pressure": {
    "mean": -240.66768355617197,
    "std": 7.65201029179519
  },
  "webster": {
    "mean": -604.133394512652,
    "std": 6.780628888191869
  }
}