{
  "total_episodes": 5,
  "best_reward": -44.09088068258238,
  "mean_reward": -55.652890747561074,
  "training_time_minutes": 0.1664154609044393,
  "all_rewards": [
    -81.9824909081687,
    -59.00324426534437,
    -48.38171518264167,
    -44.80612269906821,
    -44.09088068258238
  ],
  "stage_results": {}
}