{
  "ATLAS_AI": {
    "mean": -67.02555355615034,
    "std": 17.89181337246011
  },
  "fixed_time": {
    "mean": -565.1480120107443,
    "std": 6.53282609201125
  },
  "actuated": {
    "mean": -325.5088641757926,
    "std": 38.33156971614066
  },
  "max_pressure": {
    "mean": -239.10928079166192,
    "std": 1.4582390233645455
  },
  "webster": {
    "mean": -604.4434269269385,
    "std": 9.523940212225918
  }
}