{
  "total_episodes": 240,
  "best_reward": -3.734394403877401,
  "mean_reward": -95.28112332164132,
  "training_time_minutes": 13.671964613596598,
  "stage_results": {
    "Stage 1: Basic intersection": {
      "mean": -69.61451081425496,
      "std": 28.679962282705638,
      "best": -38.21239791539581
    },
    "Stage 3: High-stress timing": {
      "mean": -308.1255729987311,
      "std": 213.61568351169342,
      "best": -3.734394403877401
    },
    "Stage 5: Emergency & events": {
      "mean": -120.32249046504661,
      "std": 28.332215127581257,
      "best": -68.72323272086277
    }
  },
  "rewards": [
    -46.889851526740856,
    -57.77440502634511,
    -50.521831205424384,
    -56.319647172174214,
    -49.294664036253856,
    -55.66813116107248,
    -59.06619005890706,
    -92.18716385571426,
    -60.26211767014573,
    -55.14828720469204,
    -76.76150440515495,
    -49.32662430123681,
    -45.91559828588743,
    -60.88260607622403,
    -61.38763466690777,
    -49.15695137165006,
    -45.834646831554366,
    -48.27479283774911,
    -54.87499767282485,
    -58.12027527496105,
    -62.93625770681271,
    -63.40118766520584,
    -49.75376662668094,
    -46.41897414158115,
    -48.67778687431536,
    -62.334647778539235,
    -64.2764387497554,
    -53.75999689285275,
    -60.13731368332107,
    -53.94585044868469,
    -95.26162840581729,
    -53.05737977576004,
    -63.023622190155756,
    -50.78010588475092,
    -46.880304321961866,
    -45.40961656950676,
    -56.4092806308744,
    -58.30509756023328,
    -44.18132775756744,
    -56.21501743603421,
    -47.38604897670364,
    -78.09478543952221,
    -46.41603130238161,
    -43.02808308391464,
    -53.683081442046415,
    -56.972299244888916,
    -57.028221829336644,
    -56.26815335812623,
    -57.873935949353864,
    -51.91088332998759,
    -53.12796060133508,
    -73.78203257331369,
    -91.9579427825793,
    -91.26444932603437,
    -62.352945759739455,
    -47.87540428874084,
    -56.38954548877085,
    -55.79899289076982,
    -95.66844028914835,
    -68.85586973038855,
    -52.06816089528779,
    -59.34056285921865,
    -87.17903187012423,
    -47.178430610207286,
    -56.389586286093,
    -53.396743145309316,
    -43.8353454550519,
    -50.1447713907322,
    -56.84375773549749,
    -62.05734814064419,
    -59.82663802360517,
    -44.48077431071567,
    -58.46420960842364,
    -46.91168900543859,
    -59.364639707118926,
    -53.26551838054147,
    -38.21239791539581,
    -49.088796777639295,
    -62.81865916538116,
    -56.953918210810116,
    -63.46837884556767,
    -57.06419438784059,
    -48.439497457208844,
    -51.40765760192092,
    -40.785513036089405,
    -55.51239969414193,
    -47.73470794642542,
    -41.247812278948686,
    -60.444973800885585,
    -57.59382618019682,
    -61.54846993900168,
    -46.59756359069392,
    -64.52838063816974,
    -96.64943270440787,
    -47.8753844481139,
    -58.811525134327205,
    -53.54388852101003,
    -62.311579922442924,
    -71.67076314488597,
    -73.7160630892211,
    -86.89718968639687,
    -78.52192242261904,
    -52.8060767975638,
    -85.91242543322616,
    -72.3184323238523,
    -85.91815188804088,
    -100.02582789525408,
    -50.19639189273062,
    -78.33199500574591,
    -54.02632557123978,
    -49.185555196595956,
    -90.00742776078813,
    -60.09594055609657,
    -48.34867452147159,
    -55.05447133477876,
    -52.0953093856589,
    -52.898071311402205,
    -49.44471237094803,
    -47.02829904862694,
    -43.49433952569863,
    -57.281330139966364,
    -56.84126123351618,
    -52.58750443281841,
    -52.880588898907824,
    -57.82911349776804,
    -97.51865004798272,
    -84.23126515489076,
    -72.95008484704664,
    -71.95167720933594,
    -104.95859355511745,
    -63.47669587401743,
    -60.1688285675374,
    -50.022360968551915,
    -60.098806650405514,
    -54.25873525257564,
    -83.0823311219657,
    -94.3841054698499,
    -75.54047025535098,
    -79.91184529183974,
    -97.13952754187653,
    -84.35030871902168,
    -44.078229179365096,
    -104.78927372389282,
    -51.674377024915415,
    -127.84314987199593,
    -66.03883140166177,
    -92.56005290747927,
    -113.94070216153672,
    -81.87147833990511,
    -114.50372300961162,
    -137.769593752059,
    -108.48810100986263,
    -124.28003711540775,
    -90.39902169569284,
    -108.72761053441305,
    -116.56052160160553,
    -82.81318032620248,
    -146.40180033089928,
    -128.97461346262162,
    -98.97813741930872,
    -113.39461107708556,
    -60.313601981466896,
    -93.60221915265629,
    -130.61585092675483,
    -131.7624258892513,
    -145.11651785719107,
    -153.21771544498824,
    -227.14937410866204,
    -217.81343700390534,
    -173.1816911400916,
    -118.50051595612555,
    -71.56049621683184,
    -71.01094889032458,
    -54.551490862586974,
    -78.70911434352068,
    -67.5227150262253,
    -70.11471882411055,
    -43.20911048612042,
    -53.20781714464235,
    -55.28219491993236,
    -67.71792135808344,
    -59.073252549989405,
    -49.29979104499348,
    -67.63950270817412,
    -88.21256059923552,
    -89.23853378056346,
    -48.41389405176844,
    -76.5089899367157,
    -63.17619995790436,
    -54.92145332123176,
    -60.12628932317612,
    -53.872875177804545,
    -46.489856785672146,
    -95.45916844860014,
    -58.9222015706054,
    -65.06892488135367,
    -55.799132847670755,
    -52.918319062203324,
    -64.43433886103386,
    -57.666708520373405,
    -368.2356423697295,
    -4.315377559346199,
    -365.9939637473795,
    -3.9315379260861993,
    -354.705243632714,
    -406.115889171749,
    -363.2326401884398,
    -7.846580624218741,
    -416.9911028046256,
    -3.734394403877401,
    -455.99095413087355,
    -498.1683840530279,
    -8.544516310604589,
    -397.7557980513421,
    -481.92686950567986,
    -496.545172929894,
    -513.1462447918728,
    -6.041693356030223,
    -509.5982889258928,
    -541.6693337551562,
    -562.675368452097,
    -11.597609281447728,
    -118.09315540796305,
    -123.49810603790806,
    -126.73569607622207,
    -144.94782819439985,
    -114.53432399528809,
    -68.72323272086277,
    -79.23708371854933,
    -171.6602916326557,
    -68.80163816031155,
    -93.52923476514748,
    -134.78109318707348,
    -116.83040539702091,
    -150.77203337676323,
    -122.44335495181004,
    -138.1422335185236,
    -99.12512733629094,
    -152.16744051073567,
    -141.78254938331304
  ]
}