{
  "ATLAS_AI": {
    "mean": -60.32371468629094,
    "std": 9.092510083023772
  },
  "fixed_time": {
    "mean": -569.2492512116214,
    "std": 4.54647207570142
  },
  "actuated": {
    "mean": -331.98936158757186,
    "std": 38.026120001675174
  },
  "max_pressure": {
    "mean": -242.10103576321688,
    "std": 6.5135883385320055
  },
  "webster": {
    "mean": -604.6295725706884,
    "std": 7.60536169718242
  }
}