{
  "total_episodes": 453,
  "best_reward": 16.371673124066366,
  "mean_reward": -132.2717810346193,
  "training_time_minutes": 67.16652002334595,
  "failed_episodes": 747,
  "stage_results": {
    "Stage 1: Basic warmup": {
      "mean": -76.77623721094305,
      "std": 20.050897639742065,
      "best": -45.144757888789016
    },
    "Stage 3: Rush & Night": {
      "mean": -279.9164680374277,
      "std": 266.50710021718487,
      "best": 16.371673124066366
    },
    "Stage 4: Emergencies": {
      "mean": -96.44665804379927,
      "std": 20.58363349105533,
      "best": -54.877787705353164
    },
    "Stage 5: Complex geometry": {
      "mean": -338.7732531234809,
      "std": 21.89015222745523,
      "best": -299.1808665801752
    },
    "Stage 6: Ultimate stress": {
      "mean": -91.01559777518017,
      "std": 0.0,
      "best": -91.01559777518017
    }
  },
  "rewards": [
    -58.83861695352388,
    -45.144757888789016,
    -76.996391319048,
    -63.10538205994581,
    -54.44851969506708,
    -48.231264736622194,
    -53.926592594958414,
    -52.67744570363386,
    -46.66812050026353,
    -62.76190246940585,
    -162.3315098873195,
    -102.29525826979815,
    -115.86171641479464,
    -77.42206739680219,
    -60.43607525291865,
    -93.78187504804878,
    -56.753314693245436,
    -67.5310661852118,
    -70.01372732427191,
    -69.53802300450286,
    -67.73918504023605,
    -72.98669357839186,
    -114.38577657661983,
    -61.916227761083874,
    -87.79663696349907,
    -59.00668331545579,
    -70.31887666581594,
    -48.57575872618887,
    -69.97585337578288,
    -85.72557978317815,
    -68.85697310315973,
    -60.66913471070379,
    -78.01374626586839,
    -75.68776882499147,
    -62.59101466769909,
    -58.491229090800594,
    -62.998237669073184,
    -51.7636752930453,
    -84.58600596269962,
    -46.05463601740363,
    -56.71828379966776,
    -74.06990700285799,
    -52.80745824108766,
    -101.45720401854105,
    -78.84339096933637,
    -73.2923232512998,
    -58.482766170579026,
    -72.89630556038412,
    -85.37552861344034,
    -70.68897772767468,
    -75.06467646901102,
    -80.14484990838551,
    -59.022840985518414,
    -81.87028429160448,
    -86.88097036349774,
    -79.41560020295458,
    -77.07043623521953,
    -72.20280360111457,
    -72.65115176514871,
    -77.07691007499514,
    -70.67649060020486,
    -68.62519464227822,
    -68.87637536687083,
    -52.520727567392846,
    -62.4826421880568,
    -60.66981592143085,
    -52.58645360316412,
    -76.83304530438076,
    -52.745684175469165,
    -75.81170723869953,
    -102.93285374474374,
    -62.86234281178722,
    -85.65583081745126,
    -71.89239479391829,
    -101.90736826123869,
    -64.00227010454364,
    -63.9456710485567,
    -93.44299836131438,
    -88.84718379784616,
    -61.769946724057085,
    -90.27769819931655,
    -69.41308492107542,
    -104.07240438025819,
    -58.03353230470285,
    -53.346431018843724,
    -62.81762151891301,
    -92.8564605862361,
    -63.74593049996759,
    -127.60541209337853,
    -50.202826925388564,
    -86.3992946997743,
    -89.8951378758916,
    -81.19101943601174,
    -66.31887163843493,
    -90.34206151582865,
    -111.05681162721743,
    -70.49832194048057,
    -79.28580043359148,
    -72.44162115976056,
    -76.55804394690244,
    -77.91153483790686,
    -57.98753008247764,
    -88.88237669477297,
    -72.35191246334799,
    -72.13338067809448,
    -77.18859765606547,
    -83.84491721409219,
    -78.13152147764603,
    -79.10226079677645,
    -50.8424456710019,
    -78.69066095106112,
    -120.34437279906486,
    -64.82156698462086,
    -99.82542057524286,
    -88.36602274647238,
    -61.542474808036516,
    -61.651800020963755,
    -74.9590046405512,
    -67.6532139254229,
    -57.87318198890723,
    -71.61552742200564,
    -76.29546341615796,
    -72.9811868931288,
    -96.88590749371592,
    -88.82699981785322,
    -88.40178972101252,
    -75.1184692803791,
    -107.76993356480867,
    -139.59838739864344,
    -104.83219655018098,
    -54.943788014096825,
    -122.53815811690333,
    -79.29481921391836,
    -66.84588817592156,
    -88.02977585022987,
    -85.94772084429943,
    -72.74954361734876,
    -74.98287004612546,
    -72.83774252664529,
    -101.60366658687244,
    -79.89958956490673,
    -111.19059503277573,
    -111.90759830453017,
    -72.17094712836396,
    -62.3144917011418,
    -55.51468950087666,
    -64.34761405188195,
    -130.58905608242785,
    -121.5867281864991,
    -102.32886668771167,
    -424.66569539443526,
    -428.10884199578896,
    -1.250078267824471,
    -362.321351431555,
    5.853888185319539,
    -415.6938373164467,
    -5.186241344965416,
    -451.50884194469677,
    8.91557274122324,
    -436.8013424729725,
    -9.89480383610745,
    -399.28119440838935,
    -459.0252712865508,
    -30.368428353602972,
    -436.8735346990641,
    6.917131268433351,
    -431.7223866594613,
    -4.314270746143493,
    -462.4221767778173,
    -10.18020926466781,
    -475.07717415662063,
    10.846399468758799,
    -492.94140101106683,
    -33.18309302003575,
    -466.67098552504393,
    -11.807639303982363,
    -464.70390431326456,
    -26.35291438758291,
    -465.4510480006397,
    -10.85300596914739,
    -453.77676221351686,
    -55.38517953783166,
    -541.9463808900164,
    -45.40624062886813,
    -568.701959709197,
    -26.248298416110018,
    -555.0944709679641,
    -59.70633309552302,
    -564.3829715742312,
    -51.00170682047053,
    -558.2293335494057,
    -43.15720776695027,
    -465.42161548228336,
    -49.33802508034088,
    -525.3414209517206,
    -1.1657052481758572,
    -533.7855989911793,
    -34.02434562897928,
    -468.73079046276524,
    -38.65263161800933,
    -593.086464082678,
    -25.24919691589606,
    -597.768530041379,
    -34.1097590686318,
    -602.5337301846893,
    -40.28411677400572,
    -634.0598615756696,
    -21.46443291297178,
    -631.9517987663892,
    -65.28849343390178,
    -631.9957280665745,
    -3.1316344045259052,
    -621.4289033605927,
    -1.0777499631605965,
    -617.5200417546456,
    -16.44792973702835,
    -586.6795705823378,
    12.098966981351214,
    -594.7262463523299,
    -5.264064703024414,
    -614.3235028165333,
    1.2075528630284913,
    -609.389606558199,
    4.222526697056004,
    -564.2557461653435,
    6.263039067303946,
    -660.9907993582553,
    -6.738579101126129,
    -640.7058690253834,
    6.686587105261418,
    -612.9270156949183,
    16.371673124066366,
    -597.5944100089279,
    -8.829762206163371,
    -606.1657225878294,
    5.544415243606952,
    -634.5730040695975,
    -5.133671760814921,
    -543.4134032196187,
    13.430073892593372,
    -572.6995777757312,
    6.941058025246307,
    -573.8979720393228,
    14.416665408161194,
    -128.35743306733576,
    -88.18319074338625,
    -97.28711248192513,
    -147.96729020295592,
    -140.02741293545319,
    -130.8088746218188,
    -90.95899053391811,
    -115.45169164327815,
    -96.41679378070636,
    -120.6923863977532,
    -108.71764392774273,
    -114.09690614268506,
    -138.85545317735773,
    -121.26152217961247,
    -158.48769420179607,
    -83.13691371626915,
    -103.90358256185782,
    -107.35190459840848,
    -93.08160416410011,
    -136.1643847710582,
    -120.73971426591807,
    -95.70502140805516,
    -156.115232927183,
    -143.54804426185868,
    -75.78943699893267,
    -93.20375434915056,
    -79.02679214382114,
    -103.52660759435194,
    -80.1789093399898,
    -85.99362239532745,
    -116.82926388313044,
    -105.38944444571935,
    -95.70578481527288,
    -108.34082342533848,
    -88.92639679857804,
    -76.6854458078853,
    -96.58362072231697,
    -71.41615229018008,
    -107.30391888405867,
    -122.59028120709598,
    -111.77024413838927,
    -114.34927996711023,
    -114.99630392268368,
    -125.82868466654348,
    -108.42244524231195,
    -129.60033159877466,
    -133.52933341925157,
    -96.31393418222052,
    -75.74931764094414,
    -93.405544558497,
